Age,AnnualSalary,CreditScore,Purchased,Department_Marketing,Department_Sales
-1.3082,-1.1577,-1.0399,0,0,1
0.1149,0.1644,-0.0086,1,0,0
0.0055,-0.4788,-1.7274,0,1,0
0.8812,-0.1036,0.5071,1,0,1
-0.8703,-0.9076,-0.6961,0,0,0
0.0055,0.7361,1.1946,1,0,0
1.6475,1.5222,0.1633,1,0,0
-1.6366,-1.4078,-0.0086,0,1,0
-0.3229,-0.2287,-0.3524,0,0,1
0.4434,-0.1036,0.8508,1,0,0
-0.6513,-0.6575,-1.3837,0,0,1
0.0055,0.9862,1.7103,1,0,0
1.1002,1.3435,-0.1805,1,1,0
-1.1987,-1.122,-0.0086,0,0,1
-0.104,0.0214,0.5071,1,0,0
2.3043,2.4155,1.8821,1,1,0
-1.4176,-1.3007,-1.5556,0,0,0
0.2244,0.3073,-0.0086,1,0,1
0.0055,-0.5503,-0.868,0,1,0
0.7718,0.5217,1.0227,1,0,0
