CustomerID,Age,AnnualSalary,CreditScore,Department,Purchased
1,25,35000,620,Sales,0
2,38,72000,,Engineering,1
3,,54000,580,Marketing,0
4,45,,710,Sales,1
5,29,42000,640,Engineering,0
6,,88000,750,,1
7,52,110000,690,Engineering,1
8,22,28000,,Marketing,0
9,34,61000,660,Sales,0
10,41,,730,Engineering,1
11,31,49000,600,Sales,0
12,,95000,780,Engineering,1
13,47,105000,670,Marketing,1
14,26,36000,,Sales,0
15,36,68000,710,Engineering,1
16,58,135000,790,Marketing,1
17,24,31000,590,,0
18,39,76000,680,Sales,1
19,,52000,630,Marketing,0
20,44,82000,740,Engineering,1
